--
-- PostgreSQL database dump
--

SET statement_timeout = 0;
SET client_encoding = 'UTF8';
SET standard_conforming_strings = on;
SET check_function_bodies = false;
SET client_min_messages = warning;

--
-- Name: plpgsql; Type: EXTENSION; Schema: -; Owner: 
--

CREATE EXTENSION IF NOT EXISTS plpgsql WITH SCHEMA pg_catalog;


--
-- Name: EXTENSION plpgsql; Type: COMMENT; Schema: -; Owner: 
--

COMMENT ON EXTENSION plpgsql IS 'PL/pgSQL procedural language';


SET search_path = public, pg_catalog;

SET default_tablespace = '';

SET default_with_oids = false;

--
-- Name: application; Type: TABLE; Schema: public; Owner: jeremy; Tablespace: 
--

CREATE TABLE application (
    app_id integer NOT NULL,
    name character varying(50) NOT NULL,
    orientation_id integer
);


ALTER TABLE public.application OWNER TO jeremy;

--
-- Name: application_app_id_seq; Type: SEQUENCE; Schema: public; Owner: jeremy
--

CREATE SEQUENCE application_app_id_seq
    START WITH 1
    INCREMENT BY 1
    NO MINVALUE
    NO MAXVALUE
    CACHE 1;


ALTER TABLE public.application_app_id_seq OWNER TO jeremy;

--
-- Name: application_app_id_seq; Type: SEQUENCE OWNED BY; Schema: public; Owner: jeremy
--

ALTER SEQUENCE application_app_id_seq OWNED BY application.app_id;


--
-- Name: orientation; Type: TABLE; Schema: public; Owner: jeremy; Tablespace: 
--

CREATE TABLE orientation (
    orientation_id integer NOT NULL,
    name character varying(50) NOT NULL
);


ALTER TABLE public.orientation OWNER TO jeremy;

--
-- Name: orientation_orientation_id_seq; Type: SEQUENCE; Schema: public; Owner: jeremy
--

CREATE SEQUENCE orientation_orientation_id_seq
    START WITH 1
    INCREMENT BY 1
    NO MINVALUE
    NO MAXVALUE
    CACHE 1;


ALTER TABLE public.orientation_orientation_id_seq OWNER TO jeremy;

--
-- Name: orientation_orientation_id_seq; Type: SEQUENCE OWNED BY; Schema: public; Owner: jeremy
--

ALTER SEQUENCE orientation_orientation_id_seq OWNED BY orientation.orientation_id;


--
-- Name: role; Type: TABLE; Schema: public; Owner: jeremy; Tablespace: 
--

CREATE TABLE role (
    role_id integer NOT NULL,
    role_name character varying(50) NOT NULL
);


ALTER TABLE public.role OWNER TO jeremy;

--
-- Name: role_role_id_seq; Type: SEQUENCE; Schema: public; Owner: jeremy
--

CREATE SEQUENCE role_role_id_seq
    START WITH 1
    INCREMENT BY 1
    NO MINVALUE
    NO MAXVALUE
    CACHE 1;


ALTER TABLE public.role_role_id_seq OWNER TO jeremy;

--
-- Name: role_role_id_seq; Type: SEQUENCE OWNED BY; Schema: public; Owner: jeremy
--

ALTER SEQUENCE role_role_id_seq OWNED BY role.role_id;


--
-- Name: u_user; Type: TABLE; Schema: public; Owner: jeremy; Tablespace: 
--

CREATE TABLE u_user (
    user_id integer NOT NULL,
    username character varying(50) NOT NULL,
    password character varying(50) NOT NULL,
    role_id integer,
    orientation_id integer
);


ALTER TABLE public.u_user OWNER TO jeremy;

--
-- Name: u_user_user_id_seq; Type: SEQUENCE; Schema: public; Owner: jeremy
--

CREATE SEQUENCE u_user_user_id_seq
    START WITH 1
    INCREMENT BY 1
    NO MINVALUE
    NO MAXVALUE
    CACHE 1;


ALTER TABLE public.u_user_user_id_seq OWNER TO jeremy;

--
-- Name: u_user_user_id_seq; Type: SEQUENCE OWNED BY; Schema: public; Owner: jeremy
--

ALTER SEQUENCE u_user_user_id_seq OWNED BY u_user.user_id;


--
-- Name: app_id; Type: DEFAULT; Schema: public; Owner: jeremy
--

ALTER TABLE ONLY application ALTER COLUMN app_id SET DEFAULT nextval('application_app_id_seq'::regclass);


--
-- Name: orientation_id; Type: DEFAULT; Schema: public; Owner: jeremy
--

ALTER TABLE ONLY orientation ALTER COLUMN orientation_id SET DEFAULT nextval('orientation_orientation_id_seq'::regclass);


--
-- Name: role_id; Type: DEFAULT; Schema: public; Owner: jeremy
--

ALTER TABLE ONLY role ALTER COLUMN role_id SET DEFAULT nextval('role_role_id_seq'::regclass);


--
-- Name: user_id; Type: DEFAULT; Schema: public; Owner: jeremy
--

ALTER TABLE ONLY u_user ALTER COLUMN user_id SET DEFAULT nextval('u_user_user_id_seq'::regclass);


--
-- Data for Name: application; Type: TABLE DATA; Schema: public; Owner: jeremy
--

COPY application (app_id, name, orientation_id) FROM stdin;
1	mathematica	1
3	mathematica	4
4	logisim	1
5	mathematica	2
7	logisim	4
\.


--
-- Name: application_app_id_seq; Type: SEQUENCE SET; Schema: public; Owner: jeremy
--

SELECT pg_catalog.setval('application_app_id_seq', 7, true);


--
-- Data for Name: orientation; Type: TABLE DATA; Schema: public; Owner: jeremy
--

COPY orientation (orientation_id, name) FROM stdin;
1	TIC
2	TIN
4	EC+G
5	COMEM
6	HEG
\.


--
-- Name: orientation_orientation_id_seq; Type: SEQUENCE SET; Schema: public; Owner: jeremy
--

SELECT pg_catalog.setval('orientation_orientation_id_seq', 6, true);


--
-- Data for Name: role; Type: TABLE DATA; Schema: public; Owner: jeremy
--

COPY role (role_id, role_name) FROM stdin;
1	admin
2	teacher
3	student
\.


--
-- Name: role_role_id_seq; Type: SEQUENCE SET; Schema: public; Owner: jeremy
--

SELECT pg_catalog.setval('role_role_id_seq', 3, true);


--
-- Data for Name: u_user; Type: TABLE DATA; Schema: public; Owner: jeremy
--

COPY u_user (user_id, username, password, role_id, orientation_id) FROM stdin;
4	jeremy.zerbib	pass	1	1
5	daniel.rossier	pass	2	1
6	user.name	pass	3	2
\.


--
-- Name: u_user_user_id_seq; Type: SEQUENCE SET; Schema: public; Owner: jeremy
--

SELECT pg_catalog.setval('u_user_user_id_seq', 6, true);


--
-- Name: application_pkey; Type: CONSTRAINT; Schema: public; Owner: jeremy; Tablespace: 
--

ALTER TABLE ONLY application
    ADD CONSTRAINT application_pkey PRIMARY KEY (app_id);


--
-- Name: orientation_name_key; Type: CONSTRAINT; Schema: public; Owner: jeremy; Tablespace: 
--

ALTER TABLE ONLY orientation
    ADD CONSTRAINT orientation_name_key UNIQUE (name);


--
-- Name: orientation_pkey; Type: CONSTRAINT; Schema: public; Owner: jeremy; Tablespace: 
--

ALTER TABLE ONLY orientation
    ADD CONSTRAINT orientation_pkey PRIMARY KEY (orientation_id);


--
-- Name: role_pkey; Type: CONSTRAINT; Schema: public; Owner: jeremy; Tablespace: 
--

ALTER TABLE ONLY role
    ADD CONSTRAINT role_pkey PRIMARY KEY (role_id);


--
-- Name: u_user_pkey; Type: CONSTRAINT; Schema: public; Owner: jeremy; Tablespace: 
--

ALTER TABLE ONLY u_user
    ADD CONSTRAINT u_user_pkey PRIMARY KEY (user_id);


--
-- Name: application_orientation_id_fkey; Type: FK CONSTRAINT; Schema: public; Owner: jeremy
--

ALTER TABLE ONLY application
    ADD CONSTRAINT application_orientation_id_fkey FOREIGN KEY (orientation_id) REFERENCES orientation(orientation_id);


--
-- Name: u_user_orientation_id_fkey; Type: FK CONSTRAINT; Schema: public; Owner: jeremy
--

ALTER TABLE ONLY u_user
    ADD CONSTRAINT u_user_orientation_id_fkey FOREIGN KEY (orientation_id) REFERENCES orientation(orientation_id);


--
-- Name: u_user_role_id_fkey; Type: FK CONSTRAINT; Schema: public; Owner: jeremy
--

ALTER TABLE ONLY u_user
    ADD CONSTRAINT u_user_role_id_fkey FOREIGN KEY (role_id) REFERENCES role(role_id);


--
-- Name: public; Type: ACL; Schema: -; Owner: postgres
--

REVOKE ALL ON SCHEMA public FROM PUBLIC;
REVOKE ALL ON SCHEMA public FROM postgres;
GRANT ALL ON SCHEMA public TO postgres;
GRANT ALL ON SCHEMA public TO PUBLIC;


--
-- PostgreSQL database dump complete
--

